Application,Process,SubProcess,BusRole,Business Role Description,Standard Activity,Type,System,Platform,Entitlement Description,Entitlement Value,Authorization Object,Field-Level Security Name,Field-Level Security Value,4th Level Security Name,4th Level Security Value,Additional Comments,
AS400,CCM,Pricing,FNC_OTC_Pricing_Full_Service_Specialist_NA,Pricing Full Service Specialist - North America,N/A,Job Function,NA AS/400 - CALAF1A4,CALAF1A4,Group Profile,BASISXX,N/A,N/A,N/A,,,,PRIV:AS4_CALAF1A4:*USER&*CRTDFT&XXINIT&*LIBL&*SIGNOFF&&*YES&*NONE&BASISXX&*GRPPRF&*NONE
AS400,CCM,Pricing,FNC_OTC_Pricing_Full_Service_Specialist_NA,Pricing Full Service Specialist - North America,N/A,Job Function,NA AS/400 - CALAF2A4,CALAF2A4,Group Profile,BASISXX,N/A,N/A,N/A,,,,PRIV:AS4_CALAF2A4:*USER&*CRTDFT&XXINIT&*LIBL&*SIGNOFF&&*YES&*NONE&BASISXX&*GRPPRF&*NONE
AS400,CCM,Pricing,FNC_OTC_Pricing_Full_Service_Specialist_NA,Pricing Full Service Specialist - North America,N/A,Job Function,NA AS/400 - CALAF3A4,CALAF3A4,Group Profile,BASISXX,N/A,N/A,N/A,,,,PRIV:AS4_CALAF3A4:*USER&*CRTDFT&XXINIT&*LIBL&*SIGNOFF&&*YES&*NONE&BASISXX&*GRPPRF&*NONE
AS400,CCM,Pricing,FNC_OTC_Pricing_Full_Service_Specialist_NA,Pricing Full Service Specialist - North America,N/A,Job Function,NA AS/400 - CALAF4A4,CALAF4A4,Group Profile,BASISXX,N/A,N/A,N/A,,,,PRIV:AS4_CALAF4A4:*USER&*CRTDFT&XXINIT&*LIBL&*SIGNOFF&&*YES&*NONE&BASISXX&*GRPPRF&*NONE
AS400,CCM,Pricing,FNC_OTC_Pricing_Full_Service_Specialist_NA,Pricing Full Service Specialist - North America,N/A,Job Function,NA AS/400 - CALAF5A4,CALAF5A4,Group Profile,BASISXX,N/A,N/A,N/A,,,,PRIV:AS4_CALAF5A4:*USER&*CRTDFT&XXINIT&*LIBL&*SIGNOFF&&*YES&*NONE&BASISXX&*GRPPRF&*NONE
AS400,CCM,Pricing,FNC_OTC_Pricing_Full_Service_Specialist_NA,Pricing Full Service Specialist - North America,N/A,Job Function,NA AS/400 - CIN1S1,CIN1S1,Group Profile,BASISXX,N/A,N/A,N/A,,,,PRIV:AS4_CIN1S1:*USER&*CRTDFT&XXINIT&*LIBL&*SIGNOFF&&*YES&*NONE&BASISXX&*GRPPRF&*NONE
AS400,CCM,Pricing,FNC_OTC_Pricing_Full_Service_Specialist_NA,Pricing Full Service Specialist - North America,N/A,Job Function,NA AS/400 - EAG1S2,EAG1S2,Group Profile,BASISXX,N/A,N/A,N/A,,,,PRIV:AS4_EAG1S2:*USER&*CRTDFT&XXINIT&*LIBL&*SIGNOFF&&*YES&*NONE&BASISXX&*GRPPRF&*NONE
AS400,CCM,Pricing,FNC_OTC_Pricing_Full_Service_Specialist_NA,Pricing Full Service Specialist - North America,N/A,Job Function,NA AS/400 - GAACF5A4,GAACF5A4,Group Profile,BASISXX,N/A,N/A,N/A,,,,PRIV:AS4_GAACF5A4:*USER&*CRTDFT&XXINIT&*LIBL&*SIGNOFF&&*YES&*NONE&BASISXX&*GRPPRF&*NONE
AS400,CCM,Pricing,FNC_OTC_Pricing_Full_Service_Specialist_NA,Pricing Full Service Specialist - North America,N/A,Job Function,NA AS/400 - GAACF7A4,GAACF7A4,Group Profile,BASISXX,N/A,N/A,N/A,,,,PRIV:AS4_GAACF7A4:*USER&*CRTDFT&XXINIT&*LIBL&*SIGNOFF&&*YES&*NONE&BASISXX&*GRPPRF&*NONE
AS400,CCM,Pricing,FNC_OTC_Pricing_Full_Service_Specialist_NA,Pricing Full Service Specialist - North America,N/A,Job Function,NA AS/400 - GAFE1A4,GAFE1A4,Group Profile,BASISXX,N/A,N/A,N/A,,,,PRIV:AS4_GAFE1A4:*USER&*CRTDFT&XXINIT&*LIBL&*SIGNOFF&&*YES&*NONE&BASISXX&*GRPPRF&*NONE
AS400,CCM,Pricing,FNC_OTC_Pricing_Full_Service_Specialist_NA,Pricing Full Service Specialist - North America,N/A,Job Function,NA AS/400 - GANC3A4,GANC3A4,Group Profile,BASISXX,N/A,N/A,N/A,,,,PRIV:AS4_GANC3A4:*USER&*CRTDFT&XXINIT&*LIBL&*SIGNOFF&&*YES&*NONE&BASISXX&*GRPPRF&*NONE
AS400,CCM,Pricing,FNC_OTC_Pricing_Full_Service_Specialist_NA,Pricing Full Service Specialist - North America,N/A,Job Function,NA AS/400 - LEN1S1,LEN1S1,Group Profile,BASISXX,N/A,N/A,N/A,,,,PRIV:AS4_LEN1S1:*USER&*CRTDFT&XXINIT&*LIBL&*SIGNOFF&&*YES&*NONE&BASISXX&*GRPPRF&*NONE
AS400,CCM,Pricing,FNC_OTC_Pricing_Full_Service_Specialist_NA,Pricing Full Service Specialist - North America,N/A,Job Function,NA AS/400 - LEN1S2,LEN1S2,Group Profile,BASISXX,N/A,N/A,N/A,,,,PRIV:AS4_LEN1S2:*USER&*CRTDFT&XXINIT&*LIBL&*SIGNOFF&&*YES&*NONE&BASISXX&*GRPPRF&*NONE
AS400,CCM,Pricing,FNC_OTC_Pricing_Full_Service_Specialist_NA,Pricing Full Service Specialist - North America,N/A,Job Function,NA AS/400 - MACCF2A4,MACCF2A4,Group Profile,BASISXX,N/A,N/A,N/A,,,,PRIV:AS4_MACCF2A4:*USER&*CRTDFT&XXINIT&*LIBL&*SIGNOFF&&*YES&*NONE&BASISXX&*GRPPRF&*NONE
AS400,CCM,Pricing,FNC_OTC_Pricing_Full_Service_Specialist_NA,Pricing Full Service Specialist - North America,N/A,Job Function,NA AS/400 - MACM1A4,MACM1A4,Group Profile,BASISXX,N/A,N/A,N/A,,,,PRIV:AS4_MACM1A4:*USER&*CRTDFT&XXINIT&*LIBL&*SIGNOFF&&*YES&*NONE&BASISXX&*GRPPRF&*NONE
AS400,CCM,Pricing,FNC_OTC_Pricing_Full_Service_Specialist_NA,Pricing Full Service Specialist - North America,N/A,Job Function,NA AS/400 - MACM2A4,MACM2A4,Group Profile,BASISXX,N/A,N/A,N/A,,,,PRIV:AS4_MACM2A4:*USER&*CRTDFT&XXINIT&*LIBL&*SIGNOFF&&*YES&*NONE&BASISXX&*GRPPRF&*NONE
AS400,CCM,Pricing,FNC_OTC_Pricing_Full_Service_Specialist_NA,Pricing Full Service Specialist - North America,N/A,Job Function,NA AS/400 - MANYC1A4,MANYC1A4,Group Profile,BASISXX,N/A,N/A,N/A,,,,PRIV:AS4_MANYC1A4:*USER&*CRTDFT&XXINIT&*LIBL&*SIGNOFF&&*YES&*NONE&BASISXX&*GRPPRF&*NONE
AS400,CCM,Pricing,FNC_OTC_Pricing_Full_Service_Specialist_NA,Pricing Full Service Specialist - North America,N/A,Job Function,NA AS/400 - TADAL2A4,TADAL2A4,Group Profile,BASISXX,N/A,N/A,N/A,,,,PRIV:AS4_TADAL2A4:*USER&*CRTDFT&XXINIT&*LIBL&*SIGNOFF&&*YES&*NONE&BASISXX&*GRPPRF&*NONE
BASIS,CCM,Pricing,FNC_OTC_Pricing_Performer_NA,Pricing Performer - North America,TBD,Job Function,01-WARE SALES,GAFE1A4,DEPTACCESS,AMSPEC,DEPT - AMM,MENU,BASIS20,,,,PRIV:BAS_GAFE1A4:01-WARE SALES&AMM&BASIS20&AMSPEC&*ALL
BASIS,CCM,Pricing,FNC_OTC_Pricing_Performer_NA,Pricing Performer - North America,TBD,Job Function,01-WARE SALES,GAFE1A4,DEPTACCESS,HHNSPEC,DEPT - AMM,MENU,BASIS20,,,,PRIV:BAS_GAFE1A4:01-WARE SALES&AMM&BASIS20&HHNSPEC&*ALL
BASIS,CCM,Pricing,FNC_OTC_Pricing_Performer_NA,Pricing Performer - North America,TBD,Job Function,01-WARE SALES,GAFE1A4,DEPTACCESS,HHSSPEC,DEPT - AMM,MENU,BASIS20,,,,PRIV:BAS_GAFE1A4:01-WARE SALES&AMM&BASIS20&HHSSPEC&*ALL
BASIS,CCM,Pricing,FNC_OTC_Pricing_Performer_NA,Pricing Performer - North America,TBD,Job Function,01-WARE SALES,GAFE1A4,DEPTACCESS,OESAMP,DEPT - AMM,MENU,BASIS20,,,,PRIV:BAS_GAFE1A4:01-WARE SALES&AMM&BASIS20&OESAMP&*ALL
BASIS,CCM,Pricing,FNC_OTC_Pricing_Performer_NA,Pricing Performer - North America,TBD,Job Function,01-WARE SALES,GAFE1A4,DEPTACCESS,OEUSER,DEPT - AMM,MENU,BASIS20,,,,PRIV:BAS_GAFE1A4:01-WARE SALES&AMM&BASIS20&OEUSER&*ALL
BASIS,CCM,Pricing,FNC_OTC_Pricing_Performer_NA,Pricing Performer - North America,TBD,Job Function,01-WARE SALES,GAFE1A4,DEPTACCESS,OMSPEC,DEPT - AMM,MENU,BASIS20,,,,PRIV:BAS_GAFE1A4:01-WARE SALES&AMM&BASIS20&OMSPEC&*ALL
BASIS,CCM,Pricing,FNC_OTC_Pricing_Performer_NA,Pricing Performer - North America,TBD,Job Function,01-WARE SALES,GAFE1A4,DEPTACCESS,SMINQ,DEPT - AMM,MENU,BASIS20,,,,PRIV:BAS_GAFE1A4:01-WARE SALES&AMM&BASIS20&SMINQ&*ALL
BASIS,CCM,Pricing,FNC_OTC_Pricing_Performer_NA,Pricing Performer - North America,TBD,Job Function,01-WARE SALES,GAFE1A4,DEPTACCESS,XXUSER,DEPT - AMM,MENU,BASIS20,,,,PRIV:BAS_GAFE1A4:01-WARE SALES&AMM&BASIS20&XXUSER&*ALL
BASIS,CCM,Pricing,FNC_OTC_Pricing_Performer_NA,Pricing Performer - North America,TBD,Job Function,04-CENTRALSTA,LEN1S2,DEPTACCESS,AMSPEC,DEPT - AMM,MENU,BASIS20,,,,PRIV:BAS_LEN1S2:04-CENTRALSTA&AMM&BASIS20&AMSPEC&*ALL
BASIS,CCM,Pricing,FNC_OTC_Pricing_Performer_NA,Pricing Performer - North America,TBD,Job Function,04-CENTRALSTA,LEN1S2,DEPTACCESS,HHNSPEC,DEPT - AMM,MENU,BASIS20,,,,PRIV:BAS_LEN1S2:04-CENTRALSTA&AMM&BASIS20&HHNSPEC&*ALL
BASIS,CCM,Pricing,FNC_OTC_Pricing_Performer_NA,Pricing Performer - North America,TBD,Job Function,04-CENTRALSTA,LEN1S2,DEPTACCESS,HHSSPEC,DEPT - AMM,MENU,BASIS20,,,,PRIV:BAS_LEN1S2:04-CENTRALSTA&AMM&BASIS20&HHSSPEC&*ALL
BASIS,CCM,Pricing,FNC_OTC_Pricing_Performer_NA,Pricing Performer - North America,TBD,Job Function,04-CENTRALSTA,LEN1S2,DEPTACCESS,OESAMP,DEPT - AMM,MENU,BASIS20,,,,PRIV:BAS_LEN1S2:04-CENTRALSTA&AMM&BASIS20&OESAMP&*ALL
BASIS,CCM,Pricing,FNC_OTC_Pricing_Performer_NA,Pricing Performer - North America,TBD,Job Function,04-CENTRALSTA,LEN1S2,DEPTACCESS,OEUSER,DEPT - AMM,MENU,BASIS20,,,,PRIV:BAS_LEN1S2:04-CENTRALSTA&AMM&BASIS20&OEUSER&*ALL
BASIS,CCM,Pricing,FNC_OTC_Pricing_Performer_NA,Pricing Performer - North America,TBD,Job Function,04-CENTRALSTA,LEN1S2,DEPTACCESS,OMSPEC,DEPT - AMM,MENU,BASIS20,,,,PRIV:BAS_LEN1S2:04-CENTRALSTA&AMM&BASIS20&OMSPEC&*ALL
BASIS,CCM,Pricing,FNC_OTC_Pricing_Performer_NA,Pricing Performer - North America,TBD,Job Function,04-CENTRALSTA,LEN1S2,DEPTACCESS,SMINQ,DEPT - AMM,MENU,BASIS20,,,,PRIV:BAS_LEN1S2:04-CENTRALSTA&AMM&BASIS20&SMINQ&*ALL
BASIS,CCM,Pricing,FNC_OTC_Pricing_Performer_NA,Pricing Performer - North America,TBD,Job Function,04-CENTRALSTA,LEN1S2,DEPTACCESS,XXUSER,DEPT - AMM,MENU,BASIS20,,,,PRIV:BAS_LEN1S2:04-CENTRALSTA&AMM&BASIS20&XXUSER&*ALL
BASIS,CCM,Pricing,FNC_OTC_Pricing_Performer_NA,Pricing Performer - North America,TBD,Job Function,06-OHIO / KY,CIN1S1,DEPTACCESS,AMSPEC,DEPT - AMM,MENU,BASIS20,,,,PRIV:BAS_CIN1S1:06-OHIO / KY&AMM&BASIS20&AMSPEC&*ALL
BASIS,CCM,Pricing,FNC_OTC_Pricing_Performer_NA,Pricing Performer - North America,TBD,Job Function,06-OHIO / KY,CIN1S1,DEPTACCESS,HHNSPEC,DEPT - AMM,MENU,BASIS20,,,,PRIV:BAS_CIN1S1:06-OHIO / KY&AMM&BASIS20&HHNSPEC&*ALL
BASIS,CCM,Pricing,FNC_OTC_Pricing_Performer_NA,Pricing Performer - North America,TBD,Job Function,06-OHIO / KY,CIN1S1,DEPTACCESS,HHSSPEC,DEPT - AMM,MENU,BASIS20,,,,PRIV:BAS_CIN1S1:06-OHIO / KY&AMM&BASIS20&HHSSPEC&*ALL
BASIS,CCM,Pricing,FNC_OTC_Pricing_Performer_NA,Pricing Performer - North America,TBD,Job Function,06-OHIO / KY,CIN1S1,DEPTACCESS,OESAMP,DEPT - AMM,MENU,BASIS20,,,,PRIV:BAS_CIN1S1:06-OHIO / KY&AMM&BASIS20&OESAMP&*ALL
BASIS,CCM,Pricing,FNC_OTC_Pricing_Performer_NA,Pricing Performer - North America,TBD,Job Function,06-OHIO / KY,CIN1S1,DEPTACCESS,OEUSER,DEPT - AMM,MENU,BASIS20,,,,PRIV:BAS_CIN1S1:06-OHIO / KY&AMM&BASIS20&OEUSER&*ALL
BASIS,CCM,Pricing,FNC_OTC_Pricing_Performer_NA,Pricing Performer - North America,TBD,Job Function,06-OHIO / KY,CIN1S1,DEPTACCESS,OMSPEC,DEPT - AMM,MENU,BASIS20,,,,PRIV:BAS_CIN1S1:06-OHIO / KY&AMM&BASIS20&OMSPEC&*ALL
BASIS,CCM,Pricing,FNC_OTC_Pricing_Performer_NA,Pricing Performer - North America,TBD,Job Function,06-OHIO / KY,CIN1S1,DEPTACCESS,SMINQ,DEPT - AMM,MENU,BASIS20,,,,PRIV:BAS_CIN1S1:06-OHIO / KY&AMM&BASIS20&SMINQ&*ALL
BASIS,CCM,Pricing,FNC_OTC_Pricing_Performer_NA,Pricing Performer - North America,TBD,Job Function,06-OHIO / KY,CIN1S1,DEPTACCESS,XXUSER,DEPT - AMM,MENU,BASIS20,,,,PRIV:BAS_CIN1S1:06-OHIO / KY&AMM&BASIS20&XXUSER&*ALL
BASIS,CCM,Pricing,FNC_OTC_Pricing_Performer_NA,Pricing Performer - North America,TBD,Job Function,10-MIDAMERICA,LEN1S1,DEPTACCESS,AMSPEC,DEPT - AMM,MENU,BASIS20,,,,PRIV:BAS_LEN1S1:10-MIDAMERICA&AMM&BASIS20&AMSPEC&*ALL
BASIS,CCM,Pricing,FNC_OTC_Pricing_Performer_NA,Pricing Performer - North America,TBD,Job Function,10-MIDAMERICA,LEN1S1,DEPTACCESS,HHNSPEC,DEPT - AMM,MENU,BASIS20,,,,PRIV:BAS_LEN1S1:10-MIDAMERICA&AMM&BASIS20&HHNSPEC&*ALL
BASIS,CCM,Pricing,FNC_OTC_Pricing_Performer_NA,Pricing Performer - North America,TBD,Job Function,10-MIDAMERICA,LEN1S1,DEPTACCESS,HHSSPEC,DEPT - AMM,MENU,BASIS20,,,,PRIV:BAS_LEN1S1:10-MIDAMERICA&AMM&BASIS20&HHSSPEC&*ALL
BASIS,CCM,Pricing,FNC_OTC_Pricing_Performer_NA,Pricing Performer - North America,TBD,Job Function,10-MIDAMERICA,LEN1S1,DEPTACCESS,OESAMP,DEPT - AMM,MENU,BASIS20,,,,PRIV:BAS_LEN1S1:10-MIDAMERICA&AMM&BASIS20&OESAMP&*ALL
BASIS,CCM,Pricing,FNC_OTC_Pricing_Performer_NA,Pricing Performer - North America,TBD,Job Function,10-MIDAMERICA,LEN1S1,DEPTACCESS,OEUSER,DEPT - AMM,MENU,BASIS20,,,,PRIV:BAS_LEN1S1:10-MIDAMERICA&AMM&BASIS20&OEUSER&*ALL
BASIS,CCM,Pricing,FNC_OTC_Pricing_Performer_NA,Pricing Performer - North America,TBD,Job Function,10-MIDAMERICA,LEN1S1,DEPTACCESS,OMSPEC,DEPT - AMM,MENU,BASIS20,,,,PRIV:BAS_LEN1S1:10-MIDAMERICA&AMM&BASIS20&OMSPEC&*ALL
BASIS,CCM,Pricing,FNC_OTC_Pricing_Performer_NA,Pricing Performer - North America,TBD,Job Function,10-MIDAMERICA,LEN1S1,DEPTACCESS,SMINQ,DEPT - AMM,MENU,BASIS20,,,,PRIV:BAS_LEN1S1:10-MIDAMERICA&AMM&BASIS20&SMINQ&*ALL
BASIS,CCM,Pricing,FNC_OTC_Pricing_Performer_NA,Pricing Performer - North America,TBD,Job Function,10-MIDAMERICA,LEN1S1,DEPTACCESS,XXUSER,DEPT - AMM,MENU,BASIS20,,,,PRIV:BAS_LEN1S1:10-MIDAMERICA&AMM&BASIS20&XXUSER&*ALL
BASIS,CCM,Pricing,FNC_OTC_Pricing_Performer_NA,Pricing Performer - North America,TBD,Job Function,11-N. OHIO,CIN1S1,DEPTACCESS,AMSPEC,DEPT - AMM,MENU,BASIS20,,,,PRIV:BAS_CIN1S1:11-N. OHIO&AMM&BASIS20&AMSPEC&*ALL
BASIS,CCM,Pricing,FNC_OTC_Pricing_Performer_NA,Pricing Performer - North America,TBD,Job Function,11-N. OHIO,CIN1S1,DEPTACCESS,HHNSPEC,DEPT - AMM,MENU,BASIS20,,,,PRIV:BAS_CIN1S1:11-N. OHIO&AMM&BASIS20&HHNSPEC&*ALL
BASIS,CCM,Pricing,FNC_OTC_Pricing_Performer_NA,Pricing Performer - North America,TBD,Job Function,11-N. OHIO,CIN1S1,DEPTACCESS,HHSSPEC,DEPT - AMM,MENU,BASIS20,,,,PRIV:BAS_CIN1S1:11-N. OHIO&AMM&BASIS20&HHSSPEC&*ALL
BASIS,CCM,Pricing,FNC_OTC_Pricing_Performer_NA,Pricing Performer - North America,TBD,Job Function,11-N. OHIO,CIN1S1,DEPTACCESS,OESAMP,DEPT - AMM,MENU,BASIS20,,,,PRIV:BAS_CIN1S1:11-N. OHIO&AMM&BASIS20&OESAMP&*ALL
BASIS,CCM,Pricing,FNC_OTC_Pricing_Performer_NA,Pricing Performer - North America,TBD,Job Function,11-N. OHIO,CIN1S1,DEPTACCESS,OEUSER,DEPT - AMM,MENU,BASIS20,,,,PRIV:BAS_CIN1S1:11-N. OHIO&AMM&BASIS20&OEUSER&*ALL
BASIS,CCM,Pricing,FNC_OTC_Pricing_Performer_NA,Pricing Performer - North America,TBD,Job Function,11-N. OHIO,CIN1S1,DEPTACCESS,OMSPEC,DEPT - AMM,MENU,BASIS20,,,,PRIV:BAS_CIN1S1:11-N. OHIO&AMM&BASIS20&OMSPEC&*ALL
BASIS,CCM,Pricing,FNC_OTC_Pricing_Performer_NA,Pricing Performer - North America,TBD,Job Function,11-N. OHIO,CIN1S1,DEPTACCESS,SMINQ,DEPT - AMM,MENU,BASIS20,,,,PRIV:BAS_CIN1S1:11-N. OHIO&AMM&BASIS20&SMINQ&*ALL
BASIS,CCM,Pricing,FNC_OTC_Pricing_Performer_NA,Pricing Performer - North America,TBD,Job Function,11-N. OHIO,CIN1S1,DEPTACCESS,XXUSER,DEPT - AMM,MENU,BASIS20,,,,PRIV:BAS_CIN1S1:11-N. OHIO&AMM&BASIS20&XXUSER&*ALL
BASIS,CCM,Pricing,FNC_OTC_Pricing_Performer_NA,Pricing Performer - North America,TBD,Job Function,14-UP.NY/E.PA,CIN1S1,DEPTACCESS,AMSPEC,DEPT - AMM,MENU,BASIS20,,,,PRIV:BAS_CIN1S1:14-UP.NY/E.PA&AMM&BASIS20&AMSPEC&*ALL
BASIS,CCM,Pricing,FNC_OTC_Pricing_Performer_NA,Pricing Performer - North America,TBD,Job Function,14-UP.NY/E.PA,CIN1S1,DEPTACCESS,HHNSPEC,DEPT - AMM,MENU,BASIS20,,,,PRIV:BAS_CIN1S1:14-UP.NY/E.PA&AMM&BASIS20&HHNSPEC&*ALL
BASIS,CCM,Pricing,FNC_OTC_Pricing_Performer_NA,Pricing Performer - North America,TBD,Job Function,14-UP.NY/E.PA,CIN1S1,DEPTACCESS,HHSSPEC,DEPT - AMM,MENU,BASIS20,,,,PRIV:BAS_CIN1S1:14-UP.NY/E.PA&AMM&BASIS20&HHSSPEC&*ALL
BASIS,CCM,Pricing,FNC_OTC_Pricing_Performer_NA,Pricing Performer - North America,TBD,Job Function,14-UP.NY/E.PA,CIN1S1,DEPTACCESS,OESAMP,DEPT - AMM,MENU,BASIS20,,,,PRIV:BAS_CIN1S1:14-UP.NY/E.PA&AMM&BASIS20&OESAMP&*ALL
BASIS,CCM,Pricing,FNC_OTC_Pricing_Performer_NA,Pricing Performer - North America,TBD,Job Function,14-UP.NY/E.PA,CIN1S1,DEPTACCESS,OEUSER,DEPT - AMM,MENU,BASIS20,,,,PRIV:BAS_CIN1S1:14-UP.NY/E.PA&AMM&BASIS20&OEUSER&*ALL
BASIS,CCM,Pricing,FNC_OTC_Pricing_Performer_NA,Pricing Performer - North America,TBD,Job Function,14-UP.NY/E.PA,CIN1S1,DEPTACCESS,OMSPEC,DEPT - AMM,MENU,BASIS20,,,,PRIV:BAS_CIN1S1:14-UP.NY/E.PA&AMM&BASIS20&OMSPEC&*ALL
BASIS,CCM,Pricing,FNC_OTC_Pricing_Performer_NA,Pricing Performer - North America,TBD,Job Function,14-UP.NY/E.PA,CIN1S1,DEPTACCESS,SMINQ,DEPT - AMM,MENU,BASIS20,,,,PRIV:BAS_CIN1S1:14-UP.NY/E.PA&AMM&BASIS20&SMINQ&*ALL
BASIS,CCM,Pricing,FNC_OTC_Pricing_Performer_NA,Pricing Performer - North America,TBD,Job Function,14-UP.NY/E.PA,CIN1S1,DEPTACCESS,XXUSER,DEPT - AMM,MENU,BASIS20,,,,PRIV:BAS_CIN1S1:14-UP.NY/E.PA&AMM&BASIS20&XXUSER&*ALL
BASIS,CCM,Pricing,FNC_OTC_Pricing_Performer_NA,Pricing Performer - North America,TBD,Job Function,15-NEW YORK,MANYC1A4,DEPTACCESS,AMSPEC,DEPT - AMM,MENU,BASIS20,,,,PRIV:BAS_MANYC1A4:15-NEW YORK&AMM&BASIS20&AMSPEC&*ALL
BASIS,CCM,Pricing,FNC_OTC_Pricing_Performer_NA,Pricing Performer - North America,TBD,Job Function,15-NEW YORK,MANYC1A4,DEPTACCESS,HHNSPEC,DEPT - AMM,MENU,BASIS20,,,,PRIV:BAS_MANYC1A4:15-NEW YORK&AMM&BASIS20&HHNSPEC&*ALL
BASIS,CCM,Pricing,FNC_OTC_Pricing_Performer_NA,Pricing Performer - North America,TBD,Job Function,15-NEW YORK,MANYC1A4,DEPTACCESS,HHSSPEC,DEPT - AMM,MENU,BASIS20,,,,PRIV:BAS_MANYC1A4:15-NEW YORK&AMM&BASIS20&HHSSPEC&*ALL
BASIS,CCM,Pricing,FNC_OTC_Pricing_Performer_NA,Pricing Performer - North America,TBD,Job Function,15-NEW YORK,MANYC1A4,DEPTACCESS,OESAMP,DEPT - AMM,MENU,BASIS20,,,,PRIV:BAS_MANYC1A4:15-NEW YORK&AMM&BASIS20&OESAMP&*ALL
BASIS,CCM,Pricing,FNC_OTC_Pricing_Performer_NA,Pricing Performer - North America,TBD,Job Function,15-NEW YORK,MANYC1A4,DEPTACCESS,OEUSER,DEPT - AMM,MENU,BASIS20,,,,PRIV:BAS_MANYC1A4:15-NEW YORK&AMM&BASIS20&OEUSER&*ALL
BASIS,CCM,Pricing,FNC_OTC_Pricing_Performer_NA,Pricing Performer - North America,TBD,Job Function,15-NEW YORK,MANYC1A4,DEPTACCESS,OMSPEC,DEPT - AMM,MENU,BASIS20,,,,PRIV:BAS_MANYC1A4:15-NEW YORK&AMM&BASIS20&OMSPEC&*ALL
BASIS,CCM,Pricing,FNC_OTC_Pricing_Performer_NA,Pricing Performer - North America,TBD,Job Function,15-NEW YORK,MANYC1A4,DEPTACCESS,SMINQ,DEPT - AMM,MENU,BASIS20,,,,PRIV:BAS_MANYC1A4:15-NEW YORK&AMM&BASIS20&SMINQ&*ALL
PAT,CCM,Pricing,FNC_OTC_Pricing_Performer_NA,Pricing Performer - North America,TBD,Job Function,PAT,Oracle,ROLE_NAME,Promotion Control,N/A,DIVISION_DESC,CENTRAL,,,,PRIV:PAT_PRODUCTION:CENTRAL&Promotion Control
PAT,CCM,Pricing,FNC_OTC_Pricing_Performer_NA,Pricing Performer - North America,TBD,Job Function,PAT,Oracle,ROLE_NAME,Promotion Control,N/A,DIVISION_DESC,EAST,,,,PRIV:PAT_PRODUCTION:EAST&Promotion Control
PAT,CCM,Pricing,FNC_OTC_Pricing_Performer_NA,Pricing Performer - North America,TBD,Job Function,PAT,Oracle,ROLE_NAME,Promotion Control,N/A,DIVISION_DESC,SOUTH,,,,PRIV:PAT_PRODUCTION:SOUTH&Promotion Control
PAT,CCM,Pricing,FNC_OTC_Pricing_Performer_NA,Pricing Performer - North America,TBD,Job Function,PAT,Oracle,ROLE_NAME,Promotion Control,N/A,DIVISION_DESC,WEST,,,,PRIV:PAT_PRODUCTION:WEST&Promotion Control
PAT,CCM,Pricing,FNC_OTC_Pricing_Performer_NA,Pricing Performer - North America,TBD,Job Function,PAT,Oracle,ROLE_NAME,Promotion Control,N/A,DIVISION_DESC,CANADA,,, ,PRIV:PAT_PRODUCTION:CANADA&Promotion Control
PAT,CCM,Pricing,FNC_OTC_Pricing_Performer_NA,Pricing Performer - North America,TBD,Job Function,PAT,Oracle,ROLE_NAME,Author,N/A,DIVISION_DESC,CENTRAL,,,Add an entitlement,PRIV:PAT_PRODUCTION:CENTRAL&Author
PAT,CCM,Pricing,FNC_OTC_Pricing_Performer_NA,Pricing Performer - North America,TBD,Job Function,PAT,Oracle,ROLE_NAME,Author,N/A,DIVISION_DESC,EAST,,,Add an entitlement,PRIV:PAT_PRODUCTION:EAST&Author
PAT,CCM,Pricing,FNC_OTC_Pricing_Performer_NA,Pricing Performer - North America,TBD,Job Function,PAT,Oracle,ROLE_NAME,Author,N/A,DIVISION_DESC,SOUTH,,,Add an entitlement,PRIV:PAT_PRODUCTION:SOUTH&Author
PAT,CCM,Pricing,FNC_OTC_Pricing_Performer_NA,Pricing Performer - North America,TBD,Job Function,PAT,Oracle,ROLE_NAME,Author,N/A,DIVISION_DESC,WEST,,,Add an entitlement,PRIV:PAT_PRODUCTION:WEST&Author
PAT,CCM,Pricing,FNC_OTC_Pricing_Performer_NA,Pricing Performer - North America,TBD,Job Function,PAT,Oracle,ROLE_NAME,Author,N/A,DIVISION_DESC,CANADA,,,Add an entitlement,PRIV:PAT_PRODUCTION:CANADA&Author
PAT,CCM,Pricing,FNC_OTC_Pricing_Performer_NA,Pricing Performer - North America,TBD,Job Function,PAT,Oracle,ROLE_NAME,Requestor,N/A,DIVISION_DESC,CENTRAL,,,Add an entitlement,PRIV:PAT_PRODUCTION:CENTRAL&Requestor
PAT,CCM,Pricing,FNC_OTC_Pricing_Performer_NA,Pricing Performer - North America,TBD,Job Function,PAT,Oracle,ROLE_NAME,Requestor,N/A,DIVISION_DESC,EAST,,,Add an entitlement,PRIV:PAT_PRODUCTION:EAST&Requestor
PAT,CCM,Pricing,FNC_OTC_Pricing_Performer_NA,Pricing Performer - North America,TBD,Job Function,PAT,Oracle,ROLE_NAME,Requestor,N/A,DIVISION_DESC,SOUTH,,,Add an entitlement,PRIV:PAT_PRODUCTION:SOUTH&Requestor
PAT,CCM,Pricing,FNC_OTC_Pricing_Performer_NA,Pricing Performer - North America,TBD,Job Function,PAT,Oracle,ROLE_NAME,Requestor,N/A,DIVISION_DESC,WEST,,,Add an entitlement,PRIV:PAT_PRODUCTION:WEST&Requestor
PAT,CCM,Pricing,FNC_OTC_Pricing_Performer_NA,Pricing Performer - North America,TBD,Job Function,PAT,Oracle,ROLE_NAME,Requestor,N/A,DIVISION_DESC,CANADA,,,Add an entitlement,PRIV:PAT_PRODUCTION:CANADA&Requestor
